{
	"info": {
		"_postman_id": "6be535b0-8652-4538-960c-15bb46ad3ed0",
		"name": "learner-product-api",
		"schema": "https://schema.getpostman.com/json/collection/v2.1.0/collection.json",
		"_exporter_id": "9156212"
	},
	"item": [
		{
			"name": "create-products",
			"request": {
				"method": "POST",
				"header": [],
				"body": {
					"mode": "raw",
					"raw": "{\r\n  \"title\": \"Mens\",\r\n  \"items\": [\r\n    {\r\n      \"id\": 30,\r\n      \"name\": \"Camo Down Vest\",\r\n      \"imageUrl\": \"https://i.ibb.co/xJS0T3Y/camo-vest.png\",\r\n      \"price\": 325\r\n    },\r\n    {\r\n      \"id\": 31,\r\n      \"name\": \"Floral T-shirt\",\r\n      \"imageUrl\": \"https://i.ibb.co/qMQ75QZ/floral-shirt.png\",\r\n      \"price\": 20\r\n    },\r\n    {\r\n      \"id\": 32,\r\n      \"name\": \"Black & White Longsleeve\",\r\n      \"imageUrl\": \"https://i.ibb.co/55z32tw/long-sleeve.png\",\r\n      \"price\": 25\r\n    },\r\n    {\r\n      \"id\": 33,\r\n      \"name\": \"Pink T-shirt\",\r\n      \"imageUrl\": \"https://i.ibb.co/RvwnBL8/pink-shirt.png\",\r\n      \"price\": 25\r\n    },\r\n    {\r\n      \"id\": 34,\r\n      \"name\": \"Jean Long Sleeve\",\r\n      \"imageUrl\": \"https://i.ibb.co/VpW4x5t/roll-up-jean-shirt.png\",\r\n      \"price\": 40\r\n    },\r\n    {\r\n      \"id\": 35,\r\n      \"name\": \"Burgundy T-shirt\",\r\n      \"imageUrl\": \"https://i.ibb.co/mh3VM1f/polka-dot-shirt.png\",\r\n      \"price\": 25\r\n    }\r\n  ]\r\n}",
					"options": {
						"raw": {
							"language": "json"
						}
					}
				},
				"url": {
					"raw": "http://localhost:8132/api/products/add-product",
					"protocol": "http",
					"host": [
						"localhost"
					],
					"port": "8132",
					"path": [
						"api",
						"products",
						"add-product"
					]
				}
			},
			"response": []
		},
		{
			"name": "create-products | dev",
			"request": {
				"method": "POST",
				"header": [],
				"body": {
					"mode": "raw",
					"raw": "{\r\n  \"title\": \"Mens\",\r\n  \"items\": [\r\n    {\r\n      \"id\": 30,\r\n      \"name\": \"Camo Down Vest\",\r\n      \"imageUrl\": \"https://i.ibb.co/xJS0T3Y/camo-vest.png\",\r\n      \"price\": 325\r\n    },\r\n    {\r\n      \"id\": 31,\r\n      \"name\": \"Floral T-shirt\",\r\n      \"imageUrl\": \"https://i.ibb.co/qMQ75QZ/floral-shirt.png\",\r\n      \"price\": 20\r\n    },\r\n    {\r\n      \"id\": 32,\r\n      \"name\": \"Black & White Longsleeve\",\r\n      \"imageUrl\": \"https://i.ibb.co/55z32tw/long-sleeve.png\",\r\n      \"price\": 25\r\n    },\r\n    {\r\n      \"id\": 33,\r\n      \"name\": \"Pink T-shirt\",\r\n      \"imageUrl\": \"https://i.ibb.co/RvwnBL8/pink-shirt.png\",\r\n      \"price\": 25\r\n    },\r\n    {\r\n      \"id\": 34,\r\n      \"name\": \"Jean Long Sleeve\",\r\n      \"imageUrl\": \"https://i.ibb.co/VpW4x5t/roll-up-jean-shirt.png\",\r\n      \"price\": 40\r\n    },\r\n    {\r\n      \"id\": 35,\r\n      \"name\": \"Burgundy T-shirt\",\r\n      \"imageUrl\": \"https://i.ibb.co/mh3VM1f/polka-dot-shirt.png\",\r\n      \"price\": 25\r\n    }\r\n  ]\r\n}",
					"options": {
						"raw": {
							"language": "json"
						}
					}
				},
				"url": {
					"raw": "http://3.91.36.182:5132/api/products/add-product",
					"protocol": "http",
					"host": [
						"3",
						"91",
						"36",
						"182"
					],
					"port": "5132",
					"path": [
						"api",
						"products",
						"add-product"
					]
				}
			},
			"response": []
		},
		{
			"name": "create/order",
			"request": {
				"method": "POST",
				"header": [],
				"body": {
					"mode": "raw",
					"raw": "{\r\n    \"emailId\": \"john@example.com\",\r\n    \"products\": [\r\n        {\r\n            \"productId\": \"1234\",\r\n            \"productImageUrl\": \"https://example.com/image.jpg\",\r\n            \"productName\": \"Product 1\",\r\n            \"productPrice\": 10,\r\n            \"quantity\": 2\r\n        },\r\n        {\r\n            \"productId\": \"5678\",\r\n            \"productImageUrl\": \"https://example.com/image2.jpg\",\r\n            \"productName\": \"Product 2\",\r\n            \"productPrice\": 5,\r\n            \"quantity\": 1\r\n        }\r\n    ]\r\n}",
					"options": {
						"raw": {
							"language": "json"
						}
					}
				},
				"url": {
					"raw": "http://localhost:8132/api/orders/place-order",
					"protocol": "http",
					"host": [
						"localhost"
					],
					"port": "8132",
					"path": [
						"api",
						"orders",
						"place-order"
					]
				}
			},
			"response": []
		},
		{
			"name": "get/products",
			"request": {
				"method": "GET",
				"header": [],
				"url": {
					"raw": "http://localhost:8132/api/products/get-products",
					"protocol": "http",
					"host": [
						"localhost"
					],
					"port": "8132",
					"path": [
						"api",
						"products",
						"get-products"
					]
				}
			},
			"response": []
		},
		{
			"name": "get/products | dev",
			"request": {
				"method": "GET",
				"header": [],
				"url": {
					"raw": "http://3.91.36.182:5132/api/products/get-products",
					"protocol": "http",
					"host": [
						"3",
						"91",
						"36",
						"182"
					],
					"port": "5132",
					"path": [
						"api",
						"products",
						"get-products"
					]
				}
			},
			"response": []
		},
		{
			"name": "/create/categories",
			"request": {
				"method": "POST",
				"header": [],
				"body": {
					"mode": "raw",
					"raw": "{\r\n    \"categoryList\": [\r\n        {\r\n            \"id\": 1,\r\n            \"title\": \"hats\",\r\n            \"imageUrl\": \"https://i.ibb.co/cvpntL1/hats.png\",\r\n            \"route\": \"shop/hats\"\r\n        },\r\n        {\r\n            \"id\": 2,\r\n            \"title\": \"jackets\",\r\n            \"imageUrl\": \"https://i.ibb.co/px2tCc3/jackets.png\",\r\n            \"route\": \"shop/jackets\"\r\n        },\r\n        {\r\n            \"id\": 3,\r\n            \"title\": \"sneakers\",\r\n            \"imageUrl\": \"https://i.ibb.co/0jqHpnp/sneakers.png\",\r\n            \"route\": \"shop/sneakers\"\r\n        },\r\n        {\r\n            \"id\": 4,\r\n            \"title\": \"womens\",\r\n            \"imageUrl\": \"https://i.ibb.co/GCCdy8t/womens.png\",\r\n            \"route\": \"shop/womens\"\r\n        },\r\n        {\r\n            \"id\": 5,\r\n            \"title\": \"mens\",\r\n            \"imageUrl\": \"https://i.ibb.co/R70vBrQ/men.png\",\r\n            \"route\": \"shop/mens\"\r\n        }\r\n    ]\r\n}",
					"options": {
						"raw": {
							"language": "json"
						}
					}
				},
				"url": {
					"raw": "http://localhost:8132/api/categories/create-categories",
					"protocol": "http",
					"host": [
						"localhost"
					],
					"port": "8132",
					"path": [
						"api",
						"categories",
						"create-categories"
					]
				}
			},
			"response": []
		},
		{
			"name": "/get/categories",
			"protocolProfileBehavior": {
				"disableBodyPruning": true
			},
			"request": {
				"method": "GET",
				"header": [],
				"body": {
					"mode": "raw",
					"raw": "",
					"options": {
						"raw": {
							"language": "json"
						}
					}
				},
				"url": {
					"raw": "http://localhost:8132/api/categories/get-category-details",
					"protocol": "http",
					"host": [
						"localhost"
					],
					"port": "8132",
					"path": [
						"api",
						"categories",
						"get-category-details"
					]
				}
			},
			"response": []
		},
		{
			"name": "get/orders",
			"request": {
				"method": "GET",
				"header": [],
				"url": {
					"raw": "http://localhost:8080/api/orders/get-order-details?userId=12",
					"protocol": "http",
					"host": [
						"localhost"
					],
					"port": "8080",
					"path": [
						"api",
						"orders",
						"get-order-details"
					],
					"query": [
						{
							"key": "userId",
							"value": "12"
						}
					]
				}
			},
			"response": []
		},
		{
			"name": "get/orders | dev",
			"request": {
				"method": "GET",
				"header": [],
				"url": {
					"raw": "http://localhost:8132/api/orders/get-order-details?emailId=john@example.com",
					"protocol": "http",
					"host": [
						"localhost"
					],
					"port": "8132",
					"path": [
						"api",
						"orders",
						"get-order-details"
					],
					"query": [
						{
							"key": "emailId",
							"value": "john@example.com"
						}
					]
				}
			},
			"response": []
		},
		{
			"name": "http://34.29.95.107:7000/api/categories/get-category-details",
			"request": {
				"method": "GET",
				"header": [],
				"url": {
					"raw": "http://34.29.95.107:7000/api/categories/get-category-details",
					"protocol": "http",
					"host": [
						"34",
						"29",
						"95",
						"107"
					],
					"port": "7000",
					"path": [
						"api",
						"categories",
						"get-category-details"
					]
				}
			},
			"response": []
		},
		{
			"name": "http://34.29.95.107:7000/api/categories/create-categories",
			"request": {
				"method": "POST",
				"header": [],
				"body": {
					"mode": "raw",
					"raw": "{\r\n    \"categoryList\": [\r\n        {\r\n            \"id\": 1,\r\n            \"title\": \"hats\",\r\n            \"imageUrl\": \"https://i.ibb.co/cvpntL1/hats.png\",\r\n            \"route\": \"shop/hats\"\r\n        },\r\n        {\r\n            \"id\": 2,\r\n            \"title\": \"jackets\",\r\n            \"imageUrl\": \"https://i.ibb.co/px2tCc3/jackets.png\",\r\n            \"route\": \"shop/jackets\"\r\n        },\r\n        {\r\n            \"id\": 3,\r\n            \"title\": \"sneakers\",\r\n            \"imageUrl\": \"https://i.ibb.co/0jqHpnp/sneakers.png\",\r\n            \"route\": \"shop/sneakers\"\r\n        },\r\n        {\r\n            \"id\": 4,\r\n            \"title\": \"womens\",\r\n            \"imageUrl\": \"https://i.ibb.co/GCCdy8t/womens.png\",\r\n            \"route\": \"shop/womens\"\r\n        },\r\n        {\r\n            \"id\": 5,\r\n            \"title\": \"mens\",\r\n            \"imageUrl\": \"https://i.ibb.co/R70vBrQ/men.png\",\r\n            \"route\": \"shop/mens\"\r\n        }\r\n    ]\r\n}",
					"options": {
						"raw": {
							"language": "json"
						}
					}
				},
				"url": {
					"raw": "http://3.91.36.182:5132/api/categories/create-categories",
					"protocol": "http",
					"host": [
						"3",
						"91",
						"36",
						"182"
					],
					"port": "5132",
					"path": [
						"api",
						"categories",
						"create-categories"
					]
				}
			},
			"response": []
		}
	]
}